Outcome,Gender
No Arrest,Male
No Arrest,Male
No Arrest,Male
No Arrest,Male
No Arrest,Male
No Arrest,Male
No Arrest,Male
No Arrest,Male
No Arrest,Male
No Arrest,Male
No Arrest,Male
No Arrest,Male
No Arrest,Male
No Arrest,Male
No Arrest,Male
No Arrest,Male
No Arrest,Male
No Arrest,Male
No Arrest,Male
No Arrest,Male
No Arrest,Male
No Arrest,Male
No Arrest,Male
No Arrest,Male
No Arrest,Male
No Arrest,Male
No Arrest,Male
No Arrest,Male
No Arrest,Male
No Arrest,Male
No Arrest,Male
No Arrest,Male
No Arrest,Male
No Arrest,Male
No Arrest,Male
No Arrest,Male
No Arrest,Male
No Arrest,Male
No Arrest,Male
No Arrest,Male
No Arrest,Male
No Arrest,Male
No Arrest,Male
No Arrest,Male
No Arrest,Male
No Arrest,Male
No Arrest,Male
No Arrest,Male
No Arrest,Male
No Arrest,Male
No Arrest,Male
No Arrest,Male
No Arrest,Female
No Arrest,Female
No Arrest,Male
No Arrest,Male
Arrest,Male
Arrest,Male
No Arrest,Male
No Arrest,Male
Arrest,Male
Arrest,Male
No Arrest,Male
No Arrest,Female
No Arrest,Female
No Arrest,Male
No Arrest,Male
No Arrest,Male
No Arrest,Male
No Arrest,Male
No Arrest,Male
No Arrest,Male
No Arrest,Male
No Arrest,Male
No Arrest,Male
No Arrest,Male
No Arrest,Male
No Arrest,Male
No Arrest,Female
No Arrest,Female
No Arrest,Female
No Arrest,Female
Arrest,Male
Arrest,Male
No Arrest,Male
No Arrest,Male
No Arrest,Female
No Arrest,Female
No Arrest,Male
No Arrest,Male
No Arrest,Male
No Arrest,Male
No Arrest,Male
No Arrest,Male
No Arrest,Male
No Arrest,Male
No Arrest,Male
No Arrest,Male
No Arrest,Male
No Arrest,Male
No Arrest,Male
No Arrest,Male
No Arrest,Male
No Arrest,Male
Arrest,Male
Arrest,Male
No Arrest,Male
No Arrest,Male
No Arrest,Male
No Arrest,Male
No Arrest,Male
No Arrest,Male
Arrest,Male
Arrest,Male
No Arrest,Female
No Arrest,Female
No Arrest,Male
No Arrest,Male
No Arrest,Male
No Arrest,Male
No Arrest,Female
No Arrest,Female
No Arrest,Female
No Arrest,Female
No Arrest,Male
No Arrest,Male
No Arrest,Male
No Arrest,Male
No Arrest,Male
No Arrest,Male
No Arrest,Male
No Arrest,Male
Arrest,Male
Arrest,Male
No Arrest,Male
No Arrest,Male
No Arrest,Male
No Arrest,Male
No Arrest,Male
No Arrest,Male
No Arrest,Male
No Arrest,Male
No Arrest,Male
No Arrest,Male
No Arrest,Male
No Arrest,Male
No Arrest,Male
No Arrest,Male
Arrest,Male
Arrest,Male
No Arrest,Male
No Arrest,Male
No Arrest,Male
No Arrest,Male
No Arrest,Male
No Arrest,Male
No Arrest,Male
No Arrest,Male
No Arrest,Male
No Arrest,Male
No Arrest,Male
No Arrest,Male
No Arrest,Male
No Arrest,Male
No Arrest,Male
No Arrest,Male
No Arrest,Female
Arrest,Female
Arrest,Female
No Arrest,Female
No Arrest,Male
No Arrest,Male
No Arrest,Male
No Arrest,Male
No Arrest,Male
No Arrest,Male
No Arrest,Male
No Arrest,Male
No Arrest,Male
No Arrest,Male
No Arrest,Male
No Arrest,Male
No Arrest,Male
No Arrest,Male
No Arrest,Male
No Arrest,Male
No Arrest,Male
No Arrest,Male
No Arrest,Male
No Arrest,Male
No Arrest,Male
No Arrest,Male
No Arrest,Male
No Arrest,Male
No Arrest,Male
No Arrest,Male
No Arrest,Male
No Arrest,Male
No Arrest,Male
No Arrest,Male
No Arrest,Male
No Arrest,Male
Arrest,Male
Arrest,Male
No Arrest,Male
No Arrest,Male
No Arrest,Male
No Arrest,Male
No Arrest,Male
No Arrest,Male
No Arrest,Male
No Arrest,Male
No Arrest,Male
No Arrest,Male
No Arrest,Female
No Arrest,Female
No Arrest,Male
No Arrest,Male
No Arrest,Male
No Arrest,Male
No Arrest,Male
No Arrest,Male
No Arrest,Female
No Arrest,Female
No Arrest,Male
No Arrest,Male
No Arrest,Male
No Arrest,Male
No Arrest,Male
No Arrest,Male
No Arrest,Male
No Arrest,Male
Arrest,Male
No Arrest,Male
No Arrest,Male
Arrest,Male
No Arrest,Male
No Arrest,Male
No Arrest,Male
No Arrest,Male
No Arrest,Female
No Arrest,Female
No Arrest,Male
No Arrest,Male
No Arrest,Male
No Arrest,Male
Arrest,Male
Arrest,Male
No Arrest,Male
No Arrest,Male
No Arrest,Male
No Arrest,Male
No Arrest,Male
No Arrest,Male
No Arrest,Other
No Arrest,Other
No Arrest,Male
No Arrest,Male
No Arrest,Male
No Arrest,Male
Arrest,Male
Arrest,Male
Arrest,Male
Arrest,Male
No Arrest,Male
No Arrest,Male
No Arrest,Male
No Arrest,Male
No Arrest,Male
No Arrest,Male
No Arrest,Male
No Arrest,Male
No Arrest,Male
No Arrest,Male
No Arrest,Male
No Arrest,Male
No Arrest,Male
No Arrest,Male
No Arrest,Male
No Arrest,Male
Arrest,Male
Arrest,Male
No Arrest,Female
No Arrest,Female
No Arrest,Male
No Arrest,Male
No Arrest,Male
No Arrest,Male
No Arrest,Male
No Arrest,Male
No Arrest,Male
No Arrest,Male
No Arrest,Female
No Arrest,Female
No Arrest,Male
No Arrest,Male
No Arrest,Male
No Arrest,Male
No Arrest,Male
No Arrest,Male
Arrest,Male
Arrest,Male
No Arrest,Male
No Arrest,Male
No Arrest,Male
No Arrest,Male
No Arrest,Male
No Arrest,Male
No Arrest,Male
No Arrest,Male
No Arrest,Male
No Arrest,Male
No Arrest,Male
No Arrest,Male
No Arrest,Male
No Arrest,Female
No Arrest,Female
No Arrest,Male
No Arrest,Male
No Arrest,Male
No Arrest,Male
No Arrest,Male
No Arrest,Female
Arrest,Female
No Arrest,Female
Arrest,Female
No Arrest,Male
No Arrest,Male
No Arrest,Male
No Arrest,Male
No Arrest,Male
No Arrest,Male
No Arrest,Male
No Arrest,Male
No Arrest,Male
No Arrest,Male
Arrest,Male
Arrest,Male
No Arrest,Male
No Arrest,Male
No Arrest,Male
No Arrest,Male
No Arrest,Male
No Arrest,Male
No Arrest,Male
No Arrest,Male
Arrest,Other
Arrest,Other
Arrest,Male
Arrest,Male
No Arrest,Male
No Arrest,Male
No Arrest,Male
No Arrest,Male
No Arrest,Male
No Arrest,Male
No Arrest,Male
No Arrest,Male
No Arrest,Male
No Arrest,Male
No Arrest,Male
No Arrest,Male
No Arrest,Male
No Arrest,Male
Arrest,Male
Arrest,Male
No Arrest,Male
No Arrest,Male
No Arrest,Male
No Arrest,Male
No Arrest,Male
No Arrest,Male
No Arrest,Male
No Arrest,Male
No Arrest,Male
No Arrest,Male
No Arrest,Male
No Arrest,Male
No Arrest,Female
No Arrest,Female
No Arrest,Female
No Arrest,Female
No Arrest,Male
No Arrest,Male
No Arrest,Male
No Arrest,Male
No Arrest,Male
No Arrest,Male
Arrest,Male
Arrest,Male
No Arrest,Male
No Arrest,Male
No Arrest,Male
No Arrest,Male
Arrest,Male
Arrest,Male
No Arrest,Male
No Arrest,Male
No Arrest,Male
No Arrest,Male
No Arrest,Male
No Arrest,Male
No Arrest,Male
No Arrest,Male
No Arrest,Male
No Arrest,Male
No Arrest,Male
No Arrest,Male
No Arrest,Male
No Arrest,Male
No Arrest,Male
No Arrest,Male
No Arrest,Female
No Arrest,Female
No Arrest,Male
No Arrest,Male
No Arrest,Male
No Arrest,Male
No Arrest,Male
No Arrest,Male
No Arrest,Male
No Arrest,Male
No Arrest,Female
No Arrest,Female
No Arrest,Male
No Arrest,Male
No Arrest,Female
No Arrest,Female
No Arrest,Male
No Arrest,Male
No Arrest,Male
No Arrest,Male
No Arrest,Male
No Arrest,Male
No Arrest,Male
No Arrest,Male
No Arrest,Male
No Arrest,Male
No Arrest,Male
No Arrest,Male
No Arrest,Male
No Arrest,Male
No Arrest,Male
No Arrest,Male
No Arrest,Male
No Arrest,Male
No Arrest,Male
No Arrest,Male
No Arrest,Female
No Arrest,Female
No Arrest,Male
No Arrest,Male
No Arrest,Male
No Arrest,Male
No Arrest,Male
No Arrest,Male
Arrest,Female
Arrest,Female
No Arrest,Male
No Arrest,Male
No Arrest,Male
Arrest,Male
Arrest,Male
No Arrest,Male
No Arrest,Male
No Arrest,Male
No Arrest,Female
No Arrest,Female
No Arrest,Male
No Arrest,Male
No Arrest,Male
No Arrest,Male
No Arrest,Male
No Arrest,Male
No Arrest,Female
No Arrest,Female
No Arrest,Male
No Arrest,Male
No Arrest,Male
No Arrest,Male
No Arrest,Male
No Arrest,Male
No Arrest,Male
No Arrest,Male
Arrest,Male
Arrest,Male
Arrest,Male
Arrest,Male
No Arrest,Female
No Arrest,Male
No Arrest,Male
No Arrest,Female
No Arrest,Male
No Arrest,Male
No Arrest,Male
No Arrest,Male
No Arrest,Male
No Arrest,Male
No Arrest,Male
No Arrest,Male
No Arrest,Male
No Arrest,Male
No Arrest,Male
No Arrest,Male
No Arrest,Female
No Arrest,Female
Arrest,Male
Arrest,Male
No Arrest,Male
No Arrest,Male
Arrest,Male
Arrest,Male
No Arrest,Male
No Arrest,Male
No Arrest,Male
No Arrest,Male
No Arrest,Male
No Arrest,Male
No Arrest,Male
No Arrest,Male
No Arrest,Male
No Arrest,Male
No Arrest,Male
No Arrest,Male
Arrest,Male
Arrest,Male
No Arrest,Male
No Arrest,Male
No Arrest,Female
No Arrest,Female
Arrest,Male
Arrest,Male
No Arrest,Male
No Arrest,Male
No Arrest,Male
No Arrest,Male
No Arrest,Male
No Arrest,Male
No Arrest,Male
No Arrest,Male
No Arrest,Male
No Arrest,Male
No Arrest,Male
No Arrest,Male
No Arrest,Male
No Arrest,Male
No Arrest,Male
No Arrest,Male
No Arrest,Female
No Arrest,Female
No Arrest,Male
No Arrest,Male
No Arrest,Male
No Arrest,Male
No Arrest,Male
No Arrest,Male
No Arrest,Male
No Arrest,Male
No Arrest,Male
No Arrest,Male
No Arrest,Male
No Arrest,Male
No Arrest,Male
No Arrest,Male
No Arrest,Male
No Arrest,Male
No Arrest,Male
No Arrest,Male
No Arrest,Male
No Arrest,Male
No Arrest,Male
No Arrest,Male
No Arrest,Male
No Arrest,Male
Arrest,Male
Arrest,Male
No Arrest,Male
No Arrest,Male
No Arrest,Male
No Arrest,Male
No Arrest,Male
No Arrest,Male
Arrest,Male
No Arrest,Female
No Arrest,Female
Arrest,Male
No Arrest,Female
No Arrest,Female
No Arrest,Male
No Arrest,Male
No Arrest,Male
No Arrest,Male
No Arrest,Female
No Arrest,Female
Arrest,Male
Arrest,Male
No Arrest,Male
No Arrest,Male
No Arrest,Male
No Arrest,Male
No Arrest,Male
No Arrest,Male
No Arrest,Male
No Arrest,Male
No Arrest,Female
No Arrest,Female
No Arrest,Male
No Arrest,Male
No Arrest,Male
No Arrest,Male
No Arrest,Male
No Arrest,Male
No Arrest,Male
No Arrest,Male
No Arrest,Male
No Arrest,Male
No Arrest,Male
No Arrest,Male
Arrest,Male
Arrest,Male
No Arrest,Male
No Arrest,Male
No Arrest,Male
No Arrest,Male
No Arrest,Male
No Arrest,Male
No Arrest,Male
No Arrest,Male
No Arrest,Male
No Arrest,Male
No Arrest,Male
No Arrest,Male
No Arrest,Male
No Arrest,Male
No Arrest,Male
No Arrest,Male
No Arrest,Male
No Arrest,Male
No Arrest,Male
No Arrest,Male
No Arrest,Male
No Arrest,Male
No Arrest,Female
No Arrest,Female
No Arrest,Male
No Arrest,Male
Arrest,Male
Arrest,Male
No Arrest,Male
No Arrest,Male
No Arrest,Male
No Arrest,Male
No Arrest,Female
No Arrest,Female
No Arrest,Male
No Arrest,Male
No Arrest,Male
No Arrest,Male
No Arrest,Male
No Arrest,Male
No Arrest,Male
No Arrest,Male
No Arrest,Male
No Arrest,Male
No Arrest,Male
No Arrest,Male
No Arrest,Male
No Arrest,Male
No Arrest,Male
No Arrest,Male
No Arrest,Male
No Arrest,Male
No Arrest,Male
No Arrest,Male
No Arrest,Male
No Arrest,Male
No Arrest,Female
No Arrest,Female
No Arrest,Female
No Arrest,Female
No Arrest,Male
No Arrest,Male
No Arrest,Male
No Arrest,Male
No Arrest,Male
No Arrest,Male
No Arrest,Male
No Arrest,Male
No Arrest,Male
No Arrest,Male
No Arrest,Male
No Arrest,Male
Arrest,Female
Arrest,Female
No Arrest,Male
No Arrest,Male
No Arrest,Male
No Arrest,Male
No Arrest,Male
No Arrest,Male
No Arrest,Male
No Arrest,Male
No Arrest,Female
No Arrest,Female
No Arrest,Male
No Arrest,Male
No Arrest,Male
No Arrest,Male
No Arrest,Male
No Arrest,Male
No Arrest,Male
No Arrest,Male
No Arrest,Male
No Arrest,Male
No Arrest,Male
No Arrest,Male
Arrest,Male
Arrest,Male
No Arrest,Male
No Arrest,Male
No Arrest,Male
No Arrest,Male
No Arrest,Male
No Arrest,Male
Arrest,Male
Arrest,Male
No Arrest,Male
No Arrest,Male
No Arrest,Male
No Arrest,Male
No Arrest,Male
No Arrest,Male
Arrest,Female
Arrest,Female
No Arrest,Male
No Arrest,Male
No Arrest,Male
No Arrest,Male
No Arrest,Male
No Arrest,Male
No Arrest,Male
No Arrest,Male
No Arrest,Male
No Arrest,Male
No Arrest,Male
No Arrest,Male
No Arrest,Male
No Arrest,Male
No Arrest,Male
No Arrest,Male
No Arrest,Male
No Arrest,Male
Arrest,Male
No Arrest,Male
Arrest,Male
No Arrest,Male
No Arrest,Male
No Arrest,Male
No Arrest,Male
No Arrest,Male
No Arrest,Male
No Arrest,Male
Arrest,Male
Arrest,Male
No Arrest,Male
No Arrest,Male
No Arrest,Male
No Arrest,Male
No Arrest,Male
No Arrest,Male
No Arrest,Male
No Arrest,Male
No Arrest,Male
No Arrest,Male
No Arrest,Male
No Arrest,Male
No Arrest,Male
No Arrest,Male
No Arrest,Male
No Arrest,Male
No Arrest,Male
No Arrest,Male
No Arrest,Male
No Arrest,Male
No Arrest,Male
No Arrest,Male
No Arrest,Male
No Arrest,Male
No Arrest,Male
No Arrest,Male
No Arrest,Male
No Arrest,Male
Arrest,Male
Arrest,Male
No Arrest,Male
No Arrest,Male
No Arrest,Male
No Arrest,Male
No Arrest,Male
No Arrest,Male
No Arrest,Male
No Arrest,Male
No Arrest,Male
No Arrest,Male
No Arrest,Male
No Arrest,Male
No Arrest,Male
No Arrest,Male
Arrest,Male
Arrest,Male
No Arrest,Female
No Arrest,Female
No Arrest,Male
No Arrest,Male
No Arrest,Male
No Arrest,Male
No Arrest,Male
No Arrest,Male
No Arrest,Male
No Arrest,Male
No Arrest,Male
No Arrest,Male
No Arrest,Male
No Arrest,Male
No Arrest,Female
No Arrest,Female
No Arrest,Female
No Arrest,Female
No Arrest,Male
No Arrest,Male
No Arrest,Male
No Arrest,Male
Arrest,Male
Arrest,Male
No Arrest,Male
No Arrest,Male
No Arrest,Male
No Arrest,Male
Arrest,Male
Arrest,Male
No Arrest,Male
No Arrest,Male
No Arrest,Male
No Arrest,Male
Arrest,Male
Arrest,Male
No Arrest,Male
No Arrest,Male
No Arrest,Male
No Arrest,Male
No Arrest,Male
No Arrest,Male
No Arrest,Male
No Arrest,Male
No Arrest,Male
No Arrest,Male
No Arrest,Male
No Arrest,Male
No Arrest,Male
No Arrest,Male
No Arrest,Male
No Arrest,Male
No Arrest,Male
No Arrest,Male
No Arrest,Male
No Arrest,Male
No Arrest,Male
No Arrest,Male
No Arrest,Male
No Arrest,Male
No Arrest,Male
No Arrest,Male
No Arrest,Male
No Arrest,Male
Arrest,Male
Arrest,Male
No Arrest,Male
No Arrest,Male
No Arrest,Male
No Arrest,Male
No Arrest,Male
No Arrest,Male
No Arrest,Male
No Arrest,Male
No Arrest,Male
No Arrest,Male
No Arrest,Female
No Arrest,Female
No Arrest,Male
No Arrest,Male
No Arrest,Male
No Arrest,Male
No Arrest,Male
No Arrest,Male
No Arrest,Male
No Arrest,Male
No Arrest,Male
No Arrest,Male
No Arrest,Male
No Arrest,Male
No Arrest,Male
No Arrest,Male
No Arrest,Male
No Arrest,Male
No Arrest,Female
No Arrest,Female
No Arrest,Male
No Arrest,Male
No Arrest,Male
No Arrest,Male
No Arrest,Male
No Arrest,Male
No Arrest,Male
No Arrest,Male
No Arrest,Male
No Arrest,Male
No Arrest,Male
No Arrest,Male
No Arrest,Male
No Arrest,Male
No Arrest,Male
No Arrest,Male
Arrest,Male
Arrest,Male
No Arrest,Male
No Arrest,Male
No Arrest,Male
No Arrest,Male
No Arrest,Male
No Arrest,Male
No Arrest,Male
No Arrest,Male
No Arrest,Male
No Arrest,Male
No Arrest,Male
No Arrest,Male
No Arrest,Male
Arrest,Male
Arrest,Male
No Arrest,Male
No Arrest,Male
No Arrest,Male
No Arrest,Male
No Arrest,Male
No Arrest,Male
No Arrest,Male
No Arrest,Male
No Arrest,Male
No Arrest,Male
No Arrest,Male
No Arrest,Male
No Arrest,Male
No Arrest,Male
No Arrest,Male
No Arrest,Male
No Arrest,Male
No Arrest,Male
No Arrest,Male
No Arrest,Male
No Arrest,Male
No Arrest,Male
No Arrest,Male
No Arrest,Male
No Arrest,Male
No Arrest,Male
No Arrest,Male
No Arrest,Male
No Arrest,Female
No Arrest,Female
No Arrest,Male
No Arrest,Male
No Arrest,Male
No Arrest,Female
No Arrest,Female
No Arrest,Female
No Arrest,Female
No Arrest,Female
No Arrest,Female
No Arrest,Male
No Arrest,Male
Arrest,Male
Arrest,Male
No Arrest,Male
No Arrest,Male
No Arrest,Male
No Arrest,Male
No Arrest,Male
No Arrest,Male
No Arrest,Male
No Arrest,Male
No Arrest,Male
No Arrest,Male
No Arrest,Male
No Arrest,Male
No Arrest,Male
No Arrest,Male
No Arrest,Male
No Arrest,Male
No Arrest,Male
No Arrest,Male
No Arrest,Male
No Arrest,Male
No Arrest,Male
No Arrest,Male
No Arrest,Male
No Arrest,Male
No Arrest,Male
No Arrest,Male
No Arrest,Male
No Arrest,Male
No Arrest,Male
No Arrest,Male
Arrest,Male
Arrest,Male
No Arrest,Female
No Arrest,Female
No Arrest,Male
No Arrest,Male
No Arrest,Male
No Arrest,Male
No Arrest,Male
No Arrest,Male
No Arrest,Male
No Arrest,Male
No Arrest,Male
No Arrest,Male
No Arrest,Male
No Arrest,Male
No Arrest,Male
No Arrest,Male
No Arrest,Male
No Arrest,Male
No Arrest,Male
No Arrest,Male
No Arrest,Female
No Arrest,Female
No Arrest,Female
No Arrest,Female
Arrest,Male
Arrest,Male
No Arrest,Male
No Arrest,Male
No Arrest,Male
No Arrest,Male
No Arrest,Male
No Arrest,Male
No Arrest,Male
No Arrest,Male
No Arrest,Male
No Arrest,Male
No Arrest,Male
No Arrest,Male
No Arrest,Male
No Arrest,Male
No Arrest,Male
No Arrest,Male
Arrest,Male
Arrest,Male
Arrest,Male
Arrest,Male
No Arrest,Male
No Arrest,Male
No Arrest,Male
No Arrest,Male
No Arrest,Male
No Arrest,Male
No Arrest,Male
No Arrest,Male
No Arrest,Male
No Arrest,Male
No Arrest,Male
No Arrest,Male
Arrest,Male
Arrest,Male
No Arrest,Male
No Arrest,Male
No Arrest,Male
No Arrest,Male
Arrest,Male
Arrest,Male
Arrest,Male
Arrest,Male
No Arrest,Male
No Arrest,Male
No Arrest,Male
No Arrest,Male
No Arrest,Male
No Arrest,Male
Arrest,Female
Arrest,Female
No Arrest,Male
No Arrest,Male
No Arrest,Male
No Arrest,Male
No Arrest,Male
No Arrest,Male
No Arrest,Male
No Arrest,Male
No Arrest,Male
No Arrest,Male
No Arrest,Male
No Arrest,Male
No Arrest,Male
No Arrest,Male
No Arrest,Male
No Arrest,Male
No Arrest,Male
No Arrest,Male
No Arrest,Male
No Arrest,Male
No Arrest,Male
No Arrest,Male
No Arrest,Male
No Arrest,Male
No Arrest,Female
No Arrest,Female
No Arrest,Male
No Arrest,Male
No Arrest,Male
No Arrest,Male
No Arrest,Male
No Arrest,Male
Arrest,Male
Arrest,Male
No Arrest,Male
No Arrest,Male
No Arrest,Male
No Arrest,Male
No Arrest,Male
No Arrest,Male
No Arrest,Male
No Arrest,Male
No Arrest,Male
No Arrest,Male
No Arrest,Male
No Arrest,Male
Arrest,Female
Arrest,Female
No Arrest,Male
No Arrest,Male
No Arrest,Male
No Arrest,Male
No Arrest,Female
No Arrest,Female
No Arrest,Female
No Arrest,Female
No Arrest,Male
No Arrest,Male
No Arrest,Male
No Arrest,Male
No Arrest,Male
No Arrest,Male
No Arrest,Male
No Arrest,Male
No Arrest,Male
No Arrest,Male
No Arrest,Male
No Arrest,Male
No Arrest,Male
No Arrest,Male
No Arrest,Male
No Arrest,Male
No Arrest,Male
No Arrest,Male
No Arrest,Male
No Arrest,Male
No Arrest,Male
No Arrest,Male
No Arrest,Male
No Arrest,Male
No Arrest,Male
No Arrest,Male
No Arrest,Male
No Arrest,Male
No Arrest,Female
No Arrest,Male
No Arrest,Female
No Arrest,Male
No Arrest,Male
No Arrest,Male
No Arrest,Male
No Arrest,Male
No Arrest,Male
No Arrest,Male
Arrest,Male
Arrest,Male
No Arrest,Male
No Arrest,Male
No Arrest,Male
No Arrest,Male
No Arrest,Male
No Arrest,Male
No Arrest,Male
No Arrest,Male
No Arrest,Male
No Arrest,Male
No Arrest,Male
No Arrest,Male
No Arrest,Male
No Arrest,Male
No Arrest,Male
No Arrest,Male
No Arrest,Female
No Arrest,Female
No Arrest,Male
No Arrest,Male
No Arrest,Male
No Arrest,Male
Arrest,Male
Arrest,Male
Arrest,Male
Arrest,Male
No Arrest,Male
No Arrest,Male
No Arrest,Male
No Arrest,Male
No Arrest,Male
No Arrest,Male
No Arrest,Male
No Arrest,Male
No Arrest,Male
No Arrest,Male
No Arrest,Male
No Arrest,Male
No Arrest,Male
No Arrest,Male
No Arrest,Male
No Arrest,Male
No Arrest,Female
No Arrest,Female
No Arrest,Male
No Arrest,Male
No Arrest,Male
No Arrest,Male
No Arrest,Male
No Arrest,Male
No Arrest,Male
No Arrest,Male
No Arrest,Male
No Arrest,Male
No Arrest,Male
No Arrest,Male
No Arrest,Male
No Arrest,Male
No Arrest,Female
No Arrest,Female
No Arrest,Male
No Arrest,Male
No Arrest,Female
No Arrest,Female
No Arrest,Female
No Arrest,Female
No Arrest,Male
No Arrest,Male
No Arrest,Male
No Arrest,Male
No Arrest,Male
No Arrest,Male
No Arrest,Male
No Arrest,Male
No Arrest,Male
No Arrest,Male
No Arrest,Male
No Arrest,Male
No Arrest,Male
No Arrest,Male
No Arrest,Male
No Arrest,Male
No Arrest,Male
No Arrest,Male
No Arrest,Male
No Arrest,Male
No Arrest,Male
No Arrest,Male
No Arrest,Female
No Arrest,Female
No Arrest,Male
No Arrest,Male
No Arrest,Male
No Arrest,Male
No Arrest,Male
No Arrest,Male
No Arrest,Male
No Arrest,Male
No Arrest,Male
No Arrest,Male
No Arrest,Male
No Arrest,Male
No Arrest,Male
No Arrest,Male
No Arrest,Female
No Arrest,Male
No Arrest,Female
No Arrest,Male
No Arrest,Male
No Arrest,Male
No Arrest,Male
No Arrest,Male
No Arrest,Male
No Arrest,Male
No Arrest,Male
No Arrest,Male
No Arrest,Male
No Arrest,Male
No Arrest,Male
Arrest,Male
No Arrest,Female
No Arrest,Female
Arrest,Male
No Arrest,Male
No Arrest,Male
No Arrest,Male
No Arrest,Male
No Arrest,Male
No Arrest,Male
No Arrest,Male
No Arrest,Male
No Arrest,Male
No Arrest,Male
No Arrest,Male
No Arrest,Male
No Arrest,Male
No Arrest,Male
No Arrest,Male
No Arrest,Male
No Arrest,Male
No Arrest,Male
No Arrest,Male
No Arrest,Male
No Arrest,Male
No Arrest,Male
No Arrest,Male
No Arrest,Male
No Arrest,Male
Arrest,Male
Arrest,Male
Arrest,Male
Arrest,Male
No Arrest,Male
No Arrest,Male
No Arrest,Male
No Arrest,Male
No Arrest,Male
No Arrest,Male
No Arrest,Male
No Arrest,Male
No Arrest,Female
No Arrest,Female
No Arrest,Female
No Arrest,Male
No Arrest,Male
No Arrest,Female
No Arrest,Female
No Arrest,Female
No Arrest,Male
No Arrest,Male
No Arrest,Male
No Arrest,Male
No Arrest,Male
No Arrest,Male
No Arrest,Male
No Arrest,Male
No Arrest,Male
No Arrest,Male
No Arrest,Male
No Arrest,Male
No Arrest,Female
No Arrest,Female
No Arrest,Male
No Arrest,Male
No Arrest,Male
No Arrest,Male
No Arrest,Male
No Arrest,Male
No Arrest,Male
No Arrest,Male
No Arrest,Male
No Arrest,Male
No Arrest,Male
No Arrest,Male
No Arrest,Male
No Arrest,Male
No Arrest,Male
No Arrest,Male
No Arrest,Male
No Arrest,Male
No Arrest,Male
No Arrest,Male
No Arrest,Female
No Arrest,Male
No Arrest,Male
No Arrest,Male
No Arrest,Male
No Arrest,Female
Arrest,Male
Arrest,Male
No Arrest,Female
No Arrest,Female
No Arrest,Female
No Arrest,Female
No Arrest,Male
No Arrest,Male
No Arrest,Male
No Arrest,Male
No Arrest,Male
No Arrest,Male
No Arrest,Male
No Arrest,Male
No Arrest,Male
No Arrest,Male
No Arrest,Male
No Arrest,Male
No Arrest,Male
No Arrest,Male
No Arrest,Male
No Arrest,Male
No Arrest,Male
No Arrest,Male
No Arrest,Male
No Arrest,Male
No Arrest,Male
No Arrest,Male
No Arrest,Male
No Arrest,Male
No Arrest,Male
No Arrest,Male
No Arrest,Male
No Arrest,Male
No Arrest,Male
No Arrest,Male
No Arrest,Male
No Arrest,Male
No Arrest,Male
No Arrest,Male
No Arrest,Male
No Arrest,Male
No Arrest,Male
No Arrest,Male
No Arrest,Male
No Arrest,Male
No Arrest,Male
No Arrest,Male
No Arrest,Male
No Arrest,Male
No Arrest,Male
No Arrest,Male
No Arrest,Male
No Arrest,Male
No Arrest,Male
No Arrest,Male
No Arrest,Male
No Arrest,Male
No Arrest,Male
No Arrest,Male
No Arrest,Male
No Arrest,Male
No Arrest,Male
No Arrest,Male
No Arrest,Male
No Arrest,Male
No Arrest,Female
No Arrest,Female
No Arrest,Male
No Arrest,Male
No Arrest,Female
No Arrest,Female
No Arrest,Male
No Arrest,Male
No Arrest,Male
No Arrest,Male
No Arrest,Male
No Arrest,Male
No Arrest,Male
No Arrest,Male
No Arrest,Male
No Arrest,Male
No Arrest,Male
No Arrest,Male
No Arrest,Male
No Arrest,Male
No Arrest,Male
No Arrest,Male
No Arrest,Male
No Arrest,Male
No Arrest,Male
No Arrest,Male
No Arrest,Male
No Arrest,Male
No Arrest,Male
No Arrest,Male
No Arrest,Male
No Arrest,Male
No Arrest,Male
No Arrest,Male
No Arrest,Male
No Arrest,Male
No Arrest,Male
No Arrest,Male
No Arrest,Male
No Arrest,Male
Arrest,Female
Arrest,Female
No Arrest,Female
No Arrest,Female
No Arrest,Male
No Arrest,Male
No Arrest,Male
No Arrest,Male
Arrest,Male
Arrest,Male
No Arrest,Male
No Arrest,Male
Arrest,Male
Arrest,Male
No Arrest,Male
No Arrest,Male
Arrest,Male
Arrest,Male
No Arrest,Male
No Arrest,Male
No Arrest,Male
No Arrest,Male
No Arrest,Male
No Arrest,Male
No Arrest,Male
No Arrest,Male
No Arrest,Male
No Arrest,Male
No Arrest,Male
No Arrest,Male
No Arrest,Male
No Arrest,Male
No Arrest,Male
No Arrest,Male
No Arrest,Male
No Arrest,Male
No Arrest,Male
No Arrest,Male
No Arrest,Male
No Arrest,Male
No Arrest,Male
No Arrest,Male
No Arrest,Male
No Arrest,Male
No Arrest,Male
No Arrest,Male
No Arrest,Male
No Arrest,Male
Arrest,Male
Arrest,Male
No Arrest,Male
No Arrest,Male
No Arrest,Male
No Arrest,Male
No Arrest,Male
No Arrest,Male
No Arrest,Male
No Arrest,Male
No Arrest,Male
No Arrest,Male
No Arrest,Male
No Arrest,Male
No Arrest,Female
No Arrest,Female
No Arrest,Female
No Arrest,Female
No Arrest,Male
No Arrest,Male
No Arrest,Male
No Arrest,Male
No Arrest,Male
No Arrest,Male
No Arrest,Male
No Arrest,Male
No Arrest,Male
No Arrest,Male
No Arrest,Male
No Arrest,Male
No Arrest,Male
No Arrest,Male
No Arrest,Male
No Arrest,Male
No Arrest,Female
No Arrest,Female
No Arrest,Male
No Arrest,Male
No Arrest,Male
No Arrest,Male
No Arrest,Male
No Arrest,Male
Arrest,Female
Arrest,Female
Arrest,Male
Arrest,Male
No Arrest,Female
No Arrest,Female
No Arrest,Male
No Arrest,Male
No Arrest,Male
No Arrest,Male
No Arrest,Male
No Arrest,Male
No Arrest,Male
No Arrest,Male
Arrest,Male
Arrest,Male
No Arrest,Male
No Arrest,Male
Arrest,Male
Arrest,Male
Arrest,Male
Arrest,Male
No Arrest,Male
No Arrest,Male
Arrest,Male
Arrest,Male
No Arrest,Female
No Arrest,Female
No Arrest,Male
No Arrest,Male
No Arrest,Male
No Arrest,Male
No Arrest,Male
No Arrest,Male
No Arrest,Male
No Arrest,Male
Arrest,Female
Arrest,Female
No Arrest,Male
No Arrest,Male
No Arrest,Male
No Arrest,Male
No Arrest,Male
No Arrest,Male
No Arrest,Male
No Arrest,Male
No Arrest,Female
No Arrest,Female
No Arrest,Male
No Arrest,Male
No Arrest,Female
No Arrest,Female
Arrest,Male
Arrest,Male
Arrest,Male
Arrest,Male
No Arrest,Male
No Arrest,Male
No Arrest,Male
No Arrest,Male
No Arrest,Male
No Arrest,Male
No Arrest,Male
No Arrest,Male
Arrest,Male
Arrest,Male
No Arrest,Male
No Arrest,Male
No Arrest,Male
No Arrest,Male
No Arrest,Male
No Arrest,Male
No Arrest,Female
No Arrest,Female
No Arrest,Male
No Arrest,Male
Arrest,Male
Arrest,Male
No Arrest,Male
No Arrest,Male
No Arrest,Female
No Arrest,Female
No Arrest,Male
No Arrest,Male
No Arrest,Male
No Arrest,Male
No Arrest,Male
No Arrest,Male
No Arrest,Male
No Arrest,Female
No Arrest,Male
No Arrest,Female
No Arrest,Male
No Arrest,Male
No Arrest,Male
No Arrest,Male
No Arrest,Male
No Arrest,Male
No Arrest,Male
No Arrest,Male
No Arrest,Male
No Arrest,Male
Arrest,Male
Arrest,Male
No Arrest,Male
No Arrest,Male
No Arrest,Male
No Arrest,Male
No Arrest,Male
No Arrest,Male
No Arrest,Male
No Arrest,Male
No Arrest,Male
No Arrest,Male
No Arrest,Male
No Arrest,Male
No Arrest,Male
No Arrest,Male
Arrest,Male
Arrest,Male
No Arrest,Male
No Arrest,Male
No Arrest,Male
No Arrest,Male
Arrest,Male
Arrest,Male
Arrest,Male
Arrest,Male
Arrest,Male
Arrest,Male
No Arrest,Male
No Arrest,Male
No Arrest,Male
No Arrest,Male
No Arrest,Male
No Arrest,Male
No Arrest,Female
No Arrest,Female
No Arrest,Male
No Arrest,Male
No Arrest,Female
No Arrest,Female
Arrest,Male
Arrest,Male
Arrest,Male
Arrest,Male
No Arrest,Male
No Arrest,Male
No Arrest,Male
No Arrest,Male
No Arrest,Male
No Arrest,Male
No Arrest,Male
No Arrest,Male
No Arrest,Male
No Arrest,Male
No Arrest,Male
No Arrest,Male
No Arrest,Male
No Arrest,Male
No Arrest,Male
No Arrest,Male
No Arrest,Male
No Arrest,Male
No Arrest,Male
No Arrest,Male
No Arrest,Male
No Arrest,Male
No Arrest,Male
No Arrest,Male
No Arrest,Male
No Arrest,Male
No Arrest,Male
No Arrest,Male
No Arrest,Male
No Arrest,Male
No Arrest,Male
No Arrest,Male
No Arrest,Male
No Arrest,Male
No Arrest,Male
No Arrest,Male
No Arrest,Male
No Arrest,Male
No Arrest,Female
No Arrest,Female
Arrest,Male
Arrest,Male
No Arrest,Male
No Arrest,Male
Arrest,Male
Arrest,Male
No Arrest,Male
No Arrest,Male
No Arrest,Male
No Arrest,Male
No Arrest,Male
No Arrest,Male
No Arrest,Female
No Arrest,Female
No Arrest,Male
No Arrest,Male
No Arrest,Male
No Arrest,Male
No Arrest,Male
No Arrest,Male
No Arrest,Male
No Arrest,Male
No Arrest,Male
No Arrest,Male
No Arrest,Male
No Arrest,Male
No Arrest,Male
No Arrest,Male
No Arrest,Male
No Arrest,Male
Arrest,Male
Arrest,Male
No Arrest,Male
No Arrest,Male
No Arrest,Male
No Arrest,Male
No Arrest,Male
No Arrest,Male
No Arrest,Male
No Arrest,Male
Arrest,Female
Arrest,Female
No Arrest,Male
No Arrest,Male
No Arrest,Male
No Arrest,Male
No Arrest,Male
No Arrest,Male
No Arrest,Male
No Arrest,Male
No Arrest,Male
Arrest,Male
No Arrest,Male
Arrest,Male
Arrest,Male
Arrest,Male
No Arrest,Male
No Arrest,Male
No Arrest,Male
No Arrest,Male
No Arrest,Male
No Arrest,Male
No Arrest,Male
No Arrest,Male
No Arrest,Male
No Arrest,Male
Arrest,Male
Arrest,Male
Arrest,Male
Arrest,Male
Arrest,Male
Arrest,Male
Arrest,Male
Arrest,Male
No Arrest,Male
No Arrest,Male
No Arrest,Male
No Arrest,Male
Arrest,Male
Arrest,Male
No Arrest,Male
No Arrest,Male
No Arrest,Male
No Arrest,Male
No Arrest,Male
No Arrest,Male
Arrest,Male
Arrest,Male
No Arrest,Male
No Arrest,Male
No Arrest,Male
No Arrest,Male
No Arrest,Male
No Arrest,Male
No Arrest,Male
No Arrest,Other
No Arrest,Male
No Arrest,Other
No Arrest,Male
No Arrest,Male
No Arrest,Male
No Arrest,Male
No Arrest,Male
No Arrest,Male
No Arrest,Male
No Arrest,Male
No Arrest,Male
No Arrest,Male
No Arrest,Male
No Arrest,Male
No Arrest,Male
No Arrest,Male
No Arrest,Male
No Arrest,Male
No Arrest,Male
No Arrest,Male
No Arrest,Male
No Arrest,Male
No Arrest,Male
No Arrest,Male
No Arrest,Male
No Arrest,Male
No Arrest,Male
No Arrest,Male
No Arrest,Male
No Arrest,Male
No Arrest,Male
No Arrest,Male
Arrest,Male
Arrest,Male
No Arrest,Female
No Arrest,Female
No Arrest,Female
No Arrest,Female
No Arrest,Male
No Arrest,Male
No Arrest,Male
No Arrest,Male
No Arrest,Male
No Arrest,Male
No Arrest,Male
No Arrest,Male
No Arrest,Male
No Arrest,Male
No Arrest,Male
No Arrest,Male
No Arrest,Male
No Arrest,Male
No Arrest,Male
No Arrest,Male
No Arrest,Male
No Arrest,Male
No Arrest,Male
No Arrest,Male
No Arrest,Male
No Arrest,Male
No Arrest,Male
No Arrest,Male
No Arrest,Female
No Arrest,Female
No Arrest,Male
No Arrest,Male
No Arrest,Male
No Arrest,Male
No Arrest,Male
No Arrest,Male
No Arrest,Male
No Arrest,Male
No Arrest,Female
No Arrest,Female
No Arrest,Male
No Arrest,Male
No Arrest,Male
No Arrest,Male
No Arrest,Male
No Arrest,Male
No Arrest,Male
No Arrest,Male
No Arrest,Male
No Arrest,Male
No Arrest,Male
No Arrest,Male
No Arrest,Male
No Arrest,Male
No Arrest,Male
No Arrest,Male
Arrest,Male
Arrest,Male
No Arrest,Male
No Arrest,Male
No Arrest,Male
No Arrest,Male
No Arrest,Male
No Arrest,Male
No Arrest,Male
No Arrest,Male
No Arrest,Male
No Arrest,Male
No Arrest,Male
No Arrest,Male
No Arrest,Male
No Arrest,Male
No Arrest,Male
No Arrest,Male
No Arrest,Male
No Arrest,Male
No Arrest,Male
No Arrest,Male
No Arrest,Male
No Arrest,Male
No Arrest,Male
No Arrest,Male
No Arrest,Male
No Arrest,Male
No Arrest,Male
No Arrest,Male
No Arrest,Male
No Arrest,Male
No Arrest,Male
No Arrest,Male
No Arrest,Male
No Arrest,Male
No Arrest,Male
No Arrest,Male
No Arrest,Male
No Arrest,Male
No Arrest,Male
No Arrest,Male
No Arrest,Male
No Arrest,Male
No Arrest,Male
No Arrest,Male
No Arrest,Male
No Arrest,Male
No Arrest,Male
No Arrest,Male
No Arrest,Male
No Arrest,Male
No Arrest,Male
No Arrest,Male
No Arrest,Male
No Arrest,Male
No Arrest,Male
No Arrest,Male
No Arrest,Male
No Arrest,Male
No Arrest,Male
No Arrest,Male
No Arrest,Male
No Arrest,Male
No Arrest,Male
No Arrest,Male
No Arrest,Male
No Arrest,Male
No Arrest,Female
No Arrest,Female
Arrest,Male
Arrest,Male
No Arrest,Female
No Arrest,Female
No Arrest,Male
No Arrest,Male
No Arrest,Male
No Arrest,Male
No Arrest,Male
No Arrest,Male
No Arrest,Male
No Arrest,Male
No Arrest,Male
No Arrest,Male
No Arrest,Male
No Arrest,Male
Arrest,Male
Arrest,Male
No Arrest,Male
No Arrest,Male
No Arrest,Male
No Arrest,Male
Arrest,Male
Arrest,Male
No Arrest,Male
No Arrest,Male
No Arrest,Male
No Arrest,Male
No Arrest,Male
No Arrest,Male
No Arrest,Male
No Arrest,Male
No Arrest,Male
No Arrest,Male
No Arrest,Male
No Arrest,Male
Arrest,Male
Arrest,Male
No Arrest,Male
No Arrest,Male
No Arrest,Male
No Arrest,Male
No Arrest,Male
No Arrest,Male
No Arrest,Male
No Arrest,Male
No Arrest,Male
No Arrest,Male
Arrest,Male
Arrest,Male
No Arrest,Male
No Arrest,Male
No Arrest,Male
No Arrest,Male
Arrest,Male
Arrest,Male
No Arrest,Male
No Arrest,Male
Arrest,Male
Arrest,Male
No Arrest,Male
No Arrest,Male
Arrest,Male
Arrest,Male
No Arrest,Male
No Arrest,Male
No Arrest,Female
No Arrest,Female
Arrest,Male
Arrest,Male
No Arrest,Male
No Arrest,Male
No Arrest,Male
No Arrest,Male
No Arrest,Male
No Arrest,Male
No Arrest,Male
No Arrest,Male
No Arrest,Male
No Arrest,Male
Arrest,Male
Arrest,Male
No Arrest,Male
No Arrest,Male
No Arrest,Male
No Arrest,Male
No Arrest,Male
No Arrest,Male
No Arrest,Male
No Arrest,Male
No Arrest,Male
No Arrest,Male
No Arrest,Male
No Arrest,Male
No Arrest,Male
No Arrest,Male
No Arrest,Male
No Arrest,Male
No Arrest,Male
No Arrest,Male
No Arrest,Male
No Arrest,Male
No Arrest,Male
No Arrest,Male
No Arrest,Male
No Arrest,Male
No Arrest,Male
No Arrest,Male
No Arrest,Male
No Arrest,Male
No Arrest,Male
No Arrest,Male
No Arrest,Male
No Arrest,Male
No Arrest,Male
No Arrest,Male
No Arrest,Male
No Arrest,Male
No Arrest,Male
No Arrest,Male
No Arrest,Male
No Arrest,Male
No Arrest,Male
No Arrest,Male
No Arrest,Male
No Arrest,Male
No Arrest,Male
No Arrest,Male
Arrest,Male
Arrest,Male
Arrest,Male
Arrest,Male
No Arrest,Male
No Arrest,Male
No Arrest,Male
No Arrest,Male
No Arrest,Male
No Arrest,Male
No Arrest,Male
No Arrest,Male
No Arrest,Male
No Arrest,Male
No Arrest,Male
No Arrest,Male
No Arrest,Male
No Arrest,Male
No Arrest,Female
No Arrest,Female
No Arrest,Female
No Arrest,Female
No Arrest,Female
No Arrest,Female
No Arrest,Male
No Arrest,Male
No Arrest,Female
No Arrest,Female
No Arrest,Male
No Arrest,Male
No Arrest,Male
No Arrest,Male
No Arrest,Male
No Arrest,Male
No Arrest,Male
No Arrest,Male
No Arrest,Male
No Arrest,Male
No Arrest,Male
No Arrest,Male
No Arrest,Male
No Arrest,Male
No Arrest,Male
No Arrest,Male
No Arrest,Male
No Arrest,Male
No Arrest,Female
No Arrest,Female
Arrest,Male
Arrest,Male
No Arrest,Male
No Arrest,Male
No Arrest,Male
No Arrest,Male
Arrest,Male
Arrest,Male
Arrest,Male
Arrest,Male
Arrest,Male
Arrest,Male
No Arrest,Male
No Arrest,Male
No Arrest,Male
No Arrest,Male
No Arrest,Male
No Arrest,Male
No Arrest,Female
No Arrest,Female
No Arrest,Male
No Arrest,Male
No Arrest,Male
No Arrest,Male
Arrest,Male
Arrest,Male
Arrest,Male
Arrest,Male
No Arrest,Male
No Arrest,Male
No Arrest,Male
No Arrest,Male
No Arrest,Male
No Arrest,Male
Arrest,Male
Arrest,Male
Arrest,Male
Arrest,Male
Arrest,Male
Arrest,Male
No Arrest,Female
No Arrest,Female
No Arrest,Male
No Arrest,Male
No Arrest,Male
No Arrest,Male
No Arrest,Male
No Arrest,Male
No Arrest,Male
No Arrest,Male
No Arrest,Female
No Arrest,Female
Arrest,Male
Arrest,Male
No Arrest,Male
No Arrest,Male
No Arrest,Male
No Arrest,Male
No Arrest,Male
No Arrest,Male
No Arrest,Male
No Arrest,Male
No Arrest,Male
No Arrest,Male
No Arrest,Male
No Arrest,Male
No Arrest,Male
No Arrest,Male
No Arrest,Male
No Arrest,Male
No Arrest,Male
No Arrest,Male
No Arrest,Male
No Arrest,Male
Arrest,Male
Arrest,Male
No Arrest,Male
No Arrest,Male
No Arrest,Male
No Arrest,Male
No Arrest,Male
No Arrest,Male
No Arrest,Male
No Arrest,Male
No Arrest,Male
No Arrest,Male
No Arrest,Male
No Arrest,Male
No Arrest,Male
No Arrest,Male
No Arrest,Male
No Arrest,Male
No Arrest,Male
No Arrest,Male
Arrest,Male
Arrest,Male
No Arrest,Male
No Arrest,Male
No Arrest,Male
No Arrest,Male
No Arrest,Male
No Arrest,Male
No Arrest,Male
No Arrest,Male
No Arrest,Male
No Arrest,Male
No Arrest,Male
No Arrest,Male
No Arrest,Female
No Arrest,Female
No Arrest,Male
No Arrest,Male
No Arrest,Male
No Arrest,Male
No Arrest,Male
No Arrest,Male
No Arrest,Male
No Arrest,Male
No Arrest,Male
No Arrest,Male
Arrest,Male
Arrest,Male
No Arrest,Male
No Arrest,Male
No Arrest,Male
No Arrest,Male
No Arrest,Male
No Arrest,Male
No Arrest,Male
No Arrest,Male
No Arrest,Male
No Arrest,Male
Arrest,Female
Arrest,Female
No Arrest,Male
No Arrest,Male
No Arrest,Male
No Arrest,Male
Arrest,Male
Arrest,Male
Arrest,Male
Arrest,Male
No Arrest,Male
No Arrest,Male
No Arrest,Male
No Arrest,Male
No Arrest,Male
No Arrest,Male
No Arrest,Male
No Arrest,Male
No Arrest,Male
No Arrest,Male
No Arrest,Male
No Arrest,Male
No Arrest,Female
No Arrest,Female
No Arrest,Male
No Arrest,Male
Arrest,Male
Arrest,Male
No Arrest,Male
No Arrest,Male
No Arrest,Male
No Arrest,Male
No Arrest,Male
No Arrest,Male
No Arrest,Male
Arrest,Male
Arrest,Male
No Arrest,Male
No Arrest,Male
No Arrest,Male
No Arrest,Male
No Arrest,Male
No Arrest,Male
No Arrest,Male
No Arrest,Male
No Arrest,Male
No Arrest,Male
No Arrest,Male
No Arrest,Male
No Arrest,Male
No Arrest,Male
No Arrest,Male
No Arrest,Male
No Arrest,Male
No Arrest,Male
No Arrest,Male
No Arrest,Male
No Arrest,Male
No Arrest,Male
No Arrest,Male
No Arrest,Male
No Arrest,Male
No Arrest,Female
No Arrest,Female
No Arrest,Male
No Arrest,Male
No Arrest,Male
No Arrest,Male
No Arrest,Male
No Arrest,Male
No Arrest,Male
No Arrest,Male
No Arrest,Male
No Arrest,Male
No Arrest,Male
No Arrest,Male
No Arrest,Male
No Arrest,Male
Arrest,Male
Arrest,Male
No Arrest,Male
No Arrest,Male
No Arrest,Male
No Arrest,Male
No Arrest,Male
No Arrest,Male
No Arrest,Male
No Arrest,Male
No Arrest,Female
No Arrest,Female
No Arrest,Male
No Arrest,Male
No Arrest,Male
No Arrest,Male
No Arrest,Male
No Arrest,Male
No Arrest,Male
No Arrest,Male
No Arrest,Male
No Arrest,Male
No Arrest,Male
No Arrest,Male
No Arrest,Male
No Arrest,Male
No Arrest,Male
No Arrest,Male
Arrest,Male
Arrest,Male
Arrest,Male
Arrest,Male
No Arrest,Male
No Arrest,Male
No Arrest,Male
No Arrest,Male
No Arrest,Female
No Arrest,Female
No Arrest,Male
No Arrest,Male
No Arrest,Male
No Arrest,Male
No Arrest,Male
No Arrest,Male
No Arrest,Male
No Arrest,Male
No Arrest,Female
No Arrest,Female
No Arrest,Male
No Arrest,Male
No Arrest,Male
No Arrest,Male
No Arrest,Male
No Arrest,Male
No Arrest,Male
No Arrest,Male
No Arrest,Male
No Arrest,Male
No Arrest,Male
No Arrest,Male
No Arrest,Female
No Arrest,Female
No Arrest,Male
No Arrest,Male
No Arrest,Male
No Arrest,Male
No Arrest,Male
No Arrest,Male
No Arrest,Male
No Arrest,Male
No Arrest,Male
No Arrest,Male
Arrest,Male
Arrest,Male
No Arrest,Male
No Arrest,Male
No Arrest,Male
No Arrest,Male
No Arrest,Male
No Arrest,Male
No Arrest,Male
No Arrest,Male
No Arrest,Male
No Arrest,Male
Arrest,Male
Arrest,Male
No Arrest,Male
No Arrest,Male
No Arrest,Male
No Arrest,Male
No Arrest,Male
No Arrest,Male
No Arrest,Male
No Arrest,Male
No Arrest,Male
No Arrest,Male
No Arrest,Male
No Arrest,Male
No Arrest,Male
No Arrest,Male
No Arrest,Male
No Arrest,Male
No Arrest,Male
No Arrest,Male
No Arrest,Female
No Arrest,Female
No Arrest,Male
No Arrest,Male
No Arrest,Male
No Arrest,Male
No Arrest,Male
No Arrest,Male
No Arrest,Male
No Arrest,Male
No Arrest,Male
No Arrest,Male
No Arrest,Male
No Arrest,Male
No Arrest,Male
No Arrest,Male
No Arrest,Male
No Arrest,Male
No Arrest,Male
No Arrest,Male
No Arrest,Female
No Arrest,Female
Arrest,Male
Arrest,Male
No Arrest,Male
No Arrest,Male
No Arrest,Male
No Arrest,Male
Arrest,Male
Arrest,Male
No Arrest,Male
No Arrest,Male
No Arrest,Male
No Arrest,Male
No Arrest,Male
No Arrest,Male
No Arrest,Male
No Arrest,Male
Arrest,Male
Arrest,Male
No Arrest,Male
No Arrest,Male
No Arrest,Male
No Arrest,Male
No Arrest,Male
No Arrest,Male
Arrest,Male
Arrest,Male
No Arrest,Male
No Arrest,Male
No Arrest,Male
No Arrest,Male
No Arrest,Male
No Arrest,Male
No Arrest,Male
No Arrest,Male
No Arrest,Male
No Arrest,Male
No Arrest,Male
No Arrest,Male
No Arrest,Male
No Arrest,Male
No Arrest,Male
No Arrest,Male
No Arrest,Male
No Arrest,Male
Arrest,Female
Arrest,Female
Arrest,Male
Arrest,Male
No Arrest,Male
No Arrest,Male
No Arrest,Male
No Arrest,Male
No Arrest,Male
No Arrest,Male
No Arrest,Male
No Arrest,Male
No Arrest,Male
No Arrest,Male
No Arrest,Male
No Arrest,Male
No Arrest,Male
No Arrest,Male
No Arrest,Male
No Arrest,Male
No Arrest,Male
No Arrest,Male
No Arrest,Male
No Arrest,Male
No Arrest,Male
No Arrest,Male
No Arrest,Male
No Arrest,Male
Arrest,Male
Arrest,Male
No Arrest,Male
No Arrest,Male
No Arrest,Male
No Arrest,Male
No Arrest,Male
No Arrest,Male
No Arrest,Male
No Arrest,Male
No Arrest,Male
No Arrest,Male
No Arrest,Male
No Arrest,Male
No Arrest,Male
No Arrest,Male
No Arrest,Male
No Arrest,Male
No Arrest,Male
No Arrest,Male
No Arrest,Female
No Arrest,Female
No Arrest,Male
No Arrest,Male
No Arrest,Male
No Arrest,Male
No Arrest,Male
No Arrest,Male
No Arrest,Male
No Arrest,Male
No Arrest,Male
No Arrest,Male
No Arrest,Male
No Arrest,Male
No Arrest,Male
No Arrest,Male
No Arrest,Male
No Arrest,Male
No Arrest,Male
No Arrest,Male
No Arrest,Male
No Arrest,Male
No Arrest,Male
No Arrest,Male
No Arrest,Male
No Arrest,Male
No Arrest,Male
No Arrest,Male
No Arrest,Male
No Arrest,Male
No Arrest,Female
No Arrest,Male
No Arrest,Male
No Arrest,Female
No Arrest,Male
No Arrest,Male
